dataset,t_bn_ms,t_topk_ms,t_sens_ms,t_gnn_ms,t_features_ms,t_mlp_ms,t_lp_ms,t_decision_ms,t_total_ms
abilene,0.516495573198578,0.019452800188446417,0.6575761334291504,1.877953279617941,0.7759516267105937,0.1595772264893943,24.863128933842138,4.0070066396341035,30.027108306918915
cernet,6.5899417468366055,0.08600223998655565,8.121527879751133,10.548209959961241,0.8864233731583226,0.15932221329421736,41.24033941358599,26.391427412988076,79.94574942669715
geant,1.7757276933601436,0.029978866514284164,2.141288946780454,3.846113320129613,0.8176649600500241,0.15435946673581688,28.466270586504834,8.765133253570335,40.629849986774694
germany50,7.659826795547402,0.09462684110158906,8.711982977067898,16.795418545618965,1.0426836820856393,0.195637409226699,46.43483993186237,34.500176250648195,94.55061647730128
rocketfuel_ebone,2.0307549737238637,0.03385665326883706,2.504775600245921,4.105322213533024,0.8124394397600554,0.1479294934445837,28.7344072398749,9.635078373976285,42.206298879755195
rocketfuel_sprintlink,8.125610546461152,0.10809049344970845,9.903696053127836,13.264596666704165,1.0394066800169337,0.1793021863947312,45.27913328012801,32.620702626154525,92.41114941377116
rocketfuel_tiscali,10.406802213547053,0.13042050636916733,12.576257266288545,15.34217612007827,0.9891343735701715,0.18997776021327203,50.07056005333046,39.63476824006648,108.1086210933184
topologyzoo_vtlwavenet2011,61.71897769333251,0.4757183070857233,103.94702220030013,58.4084000402072,1.3660495197594476,0.22743720008293167,144.98720555993108,226.14360496076793,452.2694850266271
