dataset,topology_type,accuracy,metagate_mlu,oracle_mlu,bn_mlu,topk_mlu,sens_mlu,gnn_mlu,t_decision_ms,t_lp_ms,t_total_ms,n_timesteps,best_forced_mlu,metagate_vs_oracle_gap_pct
abilene,known,0.21333333333333335,0.05463410778653615,0.05459909886762703,0.05459909890160793,0.054639003127343905,0.05459909891826763,0.054599098908336724,4.697489026766561,28.14453674662218,34.13442001331229,75,0.05459909890160793,0.06411995735313507
cernet,known,0.7733333333333333,1724.6593179173897,1721.7269236433717,1722.687331773437,1760.0968998743974,1766.5408693059455,1738.2941139477605,26.520669146654352,39.656805506662444,78.2961356132849,75,1722.687331773437,0.17031703656074967
geant,known,0.8266666666666667,0.16023172052063536,0.1601907480583213,0.16019074810725564,0.16270839816636595,0.16314483663642587,0.16147991178693108,8.91918277333995,26.929488866662723,39.301690546623526,75,0.16019074810725564,0.025577296323729713
germany50,unseen,0.022727272727272728,19.22733234146661,18.92928382179733,19.22733234146661,19.30947689894541,21.426632995567296,18.94052775357931,31.586412750253988,39.98666563639249,83.07928790910327,44,18.94052775357931,1.5745366939137588
rocketfuel_ebone,known,0.26666666666666666,379.78514760222373,379.591501209022,379.59150125349146,379.8138439595781,379.59150124493925,379.59150128039704,9.68411277342966,27.845229986657312,41.38431279995226,75,379.59150124493925,0.0510144174948481
rocketfuel_sprintlink,known,0.6266666666666667,881.975754898919,877.172552374098,880.260408829583,896.3297140053642,916.4257075458104,891.3968581602307,31.238979386616847,43.93581276005231,89.54983889332652,75,880.260408829583,0.5475778410782443
rocketfuel_tiscali,known,0.52,836.9769635397864,831.9308500648496,834.8513619923623,852.8821112716695,843.5189558909367,843.6141710713812,38.39830333335461,48.115462786675685,104.6337371599778,75,834.8513619923623,0.6065544359298043
topologyzoo_vtlwavenet2011,unseen,0.5066666666666667,12251.812404550476,12244.835810386137,12251.812404550476,12302.74677331773,12275.396851918296,12252.051041811164,220.65478845351512,140.0771032933335,440.10257282664196,75,12251.812404550476,0.056975808188629046
